{
    "num_partitions": 1,
    "random_state": 42,
    "num_trials": 10,
    "fit_time": 105.25466465950012,
    "score": 0.7730935672514619
}